Name,Address,Phone,Website,Email(s),Owner/Manager,Rating,Reviews,Google Maps URL
Budget Inn,"9106 N Interstate Hwy 35 #243, Austin, TX 78753",(512) 837-7900,http://www.budgetinnaustin.com/,,,2.6,979,https://serpapi.com/search.json?engine=google_maps&google_domain=google.com&hl=en&place_id=ChIJ1XypAXvJRIYRnIZqINMOrnU
Village Motor Inn,"3012 S Congress Ave, Austin, TX 78704",(512) 443-8383,http://villagemotorinnaustin.us/,,,2.7,375,https://serpapi.com/search.json?engine=google_maps&google_domain=google.com&hl=en&place_id=ChIJL0ronuu0RIYRB0_jzrq_0Us
Austin Motor Inn,"11400 N Interstate Hwy 35, Austin, TX 78753",(512) 835-0333,http://www.austinmotorinn.com/,,,2.7,604,https://serpapi.com/search.json?engine=google_maps&google_domain=google.com&hl=en&place_id=ChIJvwG_lzjJRIYRHOC1l1wdTB8
Americas Best Value Inn Austin University,"909 E Koenig Ln, Austin, TX 78751",(512) 452-4200,https://www.sonesta.com/americas-best-value-inn/tx/austin/americas-best-value-inn-austin-university?utm_source=google&utm_medium=organic&utm_campaign=gmb,sales@redlion.com,,2.9,1401,https://serpapi.com/search.json?engine=google_maps&google_domain=google.com&hl=en&place_id=ChIJK_CVexfKRIYRW38CkTII7Fg
La Unica Motel,"9052 Galewood Dr, Austin, TX 78758",(512) 487-5299,http://www.stayatunica.com/,,,3.5,71,https://serpapi.com/search.json?engine=google_maps&google_domain=google.com&hl=en&place_id=ChIJgz14jM3LRIYRkPVl-NBfIIA
Firehouse Hostel,"605 Brazos St, Austin, TX 78701",(512) 201-2522,http://www.firehousehostel.com/,"austinfirehouse@gmail.com, lennyfirehouse@gmail.com",,4.3,826,https://serpapi.com/search.json?engine=google_maps&google_domain=google.com&hl=en&place_id=ChIJJbQFZae1RIYRdhhuH89NdjA
East Austin Hotel,"1108 E 6th St, Austin, TX 78702",(737) 205-8888,http://eastaustinhotel.com/,hello@eastaustinhotel.com,,4.2,609,https://serpapi.com/search.json?engine=google_maps&google_domain=google.com&hl=en&place_id=ChIJpQEkArC1RIYRCmI6ELg52wg
Austin Motel,"1220 S Congress Ave, Austin, TX 78704",(512) 441-1157,https://www.hyatt.com/en-US/hotel/texas/austin-motel/ausky?src=corp_lclb_google_seo_ausky&utm_source=google&utm_medium=organic&utm_campaign=lmr,,,4.4,579,https://serpapi.com/search.json?engine=google_maps&google_domain=google.com&hl=en&place_id=ChIJz9F6m_20RIYRd0IpHZYklJk
Holly House - Navasota Street,"49 Navasota St, Austin, TX 78702",(737) 285-4812,https://www.hollyhouse.co/,info@frenchcowboys.com,,5,37,https://serpapi.com/search.json?engine=google_maps&google_domain=google.com&hl=en&place_id=ChIJ6SSi0oG1RIYRL-5mRVfWK3E
Hotel del Valle - Austin SE,"2751 State Hwy 71 East, Del Valle, TX 78617",(512) 350-2540,https://www.ihg.com/explore?cm_mmc=GoogleMaps-_-SP-_-US-_-AUSGN,,,1.8,0,https://serpapi.com/search.json?engine=google_maps&google_domain=google.com&hl=en&place_id=ChIJkxt-b--xRIYRfPQB6fFtFkI
ECHO Suites Austin Round Rock,"1485 Meister Ln, Round Rock, TX 78664",(512) 213-4828,https://www.wyndhamhotels.com/echo-suites/round-rock-texas/echo-suites-austin-round-rock-opening-early-2026/overview,accessibility@wyndham.com,Wyndham Hotel Management,4.3,7,https://serpapi.com/search.json?engine=google_maps&google_domain=google.com&hl=en&place_id=ChIJn9r5ZyDQRIYRe1zMktljx3g
Kalahari Resorts & Conventions - Round Rock,"3001 Kalahari Blvd, Round Rock, TX 78665",(877) 525-2427,https://www.kalahariresorts.com/texas/,,,4.4,9053,https://serpapi.com/search.json?engine=google_maps&google_domain=google.com&hl=en&place_id=ChIJ019JjuzRRIYRC9ZHuqDpI9A
The Ruby Hotel,"400 Fannin Ave, Round Rock, TX 78664",(512) 600-7997,https://therubyhotel.com/,hello@therubyhotel.com,,4.6,653,https://serpapi.com/search.json?engine=google_maps&google_domain=google.com&hl=en&place_id=ChIJkw5ZYiPRRIYRNPym0H-uxGQ
Bungalows Hotel & Hotel Que,"1000 S Bell Blvd, Cedar Park, TX 78613",(512) 331-2741,http://www.texasbungalow.com/,,,3.8,400,https://serpapi.com/search.json?engine=google_maps&google_domain=google.com&hl=en&place_id=ChIJ4wFJ8WwtW4YRJSANY2eXKVA
HomeTowne Studios Austin,"12621 Hymeadow Dr, Austin, TX 78729",(512) 331-4747,https://www.redroof.com/extendedstay/hometownestudios/property/TX/Austin/HTS1043?utm_source=GMB&utm_medium=Google&utm_campaign=GMB_Performance_HTS1043,"guestin@redroof.com, %20guestin@redroof.com",,2.8,824,https://serpapi.com/search.json?engine=google_maps&google_domain=google.com&hl=en&place_id=ChIJQSY7abYyW4YRzobqDrwII0Y
Cedar Creek Inn,"352 E Vaughan St, Bertram, TX 78605",(512) 355-3400,https://cedarcreekinnbertram.net/,,,4.5,0,https://serpapi.com/search.json?engine=google_maps&google_domain=google.com&hl=en&place_id=ChIJK52yRhvcWoYR6VNY4aoBBOI
San Gabriel House Bed & Breakfast,"1008 E University Ave, Georgetown, TX 78626",(512) 930-0070,http://www.sangabrielhouse.com/,,,4.9,92,https://serpapi.com/search.json?engine=google_maps&google_domain=google.com&hl=en&place_id=ChIJm7ka8lrWRIYRubLtSWscOvY
East View RV Ranch,"552 Eastview Dr, Georgetown, TX 78626",(512) 931-2251,http://www.eastviewrvranch.com/,,"Armadillo Tech Solutions 
   
 
 
 
Photo from  Rockin",4.4,102,https://serpapi.com/search.json?engine=google_maps&google_domain=google.com&hl=en&place_id=ChIJGyXHqe3XRIYRT-Z5R3wnKmI
Texas Bungalows Hotel & Hotel Que at i35 Austin Pflugerville,"1807 Three Points Rd, Pflugerville, TX 78660",(512) 220-1064,https://mytexasbungalows.com/,,,4,38,https://serpapi.com/search.json?engine=google_maps&google_domain=google.com&hl=en&place_id=ChIJMVUvJmPPRIYRQU5u6gY2p7w
Plantation House,"3603 Kelly Ln, Pflugerville, TX 78660",(512) 980-4585,http://www.plantationhouse.us/,reservations@plantationhouse.us,,4.9,130,https://serpapi.com/search.json?engine=google_maps&google_domain=google.com&hl=en&place_id=ChIJoxO52QLFRIYRSLG2zyXMfPU
Walnut Forest Motel,"11506 N Interstate Hwy 35, Austin, TX 78753",(512) 835-0864,http://www.walnutmotel.com/,walnutmotel@sbcglobal.net,,3.2,176,https://serpapi.com/search.json?engine=google_maps&google_domain=google.com&hl=en&place_id=ChIJGbTqYDjJRIYR5dciyzeTvUs
The Depot Hotel,"210 Commercial Dr, Taylor, TX 76574",(512) 309-4338,http://thedepothotel.com/,thedepothotel@gmail.com,,4.9,70,https://serpapi.com/search.json?engine=google_maps&google_domain=google.com&hl=en&place_id=ChIJiy4PtrnnRIYRkB700CBpT3w
Talbot Commons Hotel,"616 Talbot St, Taylor, TX 76574",(512) 309-5359,https://www.talbotcommons.com/,howdy@talbotcommons.com,thoughtfully recognized our special occasion visit,5,93,https://serpapi.com/search.json?engine=google_maps&google_domain=google.com&hl=en&place_id=ChIJJzO2dgDnRIYRec5p6pdZoy4
Taylor Village Inn and Suites,"1907 N Main St, Taylor, TX 76574",(512) 352-0066,http://taylorvillageinn.us/,,,4,287,https://serpapi.com/search.json?engine=google_maps&google_domain=google.com&hl=en&place_id=ChIJnU8buTbnRIYRt4YMSljOPxY
Regency Inn,"2007 N Main St, Taylor, TX 76574",(512) 352-6522,http://www.booking.com/hotel/us/regency-inn-taylor.html?lang=xu,,,3.9,67,https://serpapi.com/search.json?engine=google_maps&google_domain=google.com&hl=en&place_id=ChIJT29uozbnRIYRbRKqJlMmzAA
Thames Home,"501 Branch St, Taylor, TX 76574",(346) 303-9920,https://thames-home.com/,contact@thames-home.com,,5,11,https://serpapi.com/search.json?engine=google_maps&google_domain=google.com&hl=en&place_id=ChIJyURWGJfnRIYR5odjuRbZl_I
Shady River RV Resort,"7450 E State Hwy 29, Georgetown, TX 78626",(512) 930-1140,https://www.shadyriverrvresort.com/,office@shadyriverrvresort.com,,3.5,199,https://serpapi.com/search.json?engine=google_maps&google_domain=google.com&hl=en&place_id=ChIJJfReMFfYRIYRTWISa8WqQrU
Budget Inn Giddings by Mukhi Hotels,"399 W Austin St, Giddings, TX 78942",(979) 542-3839,http://www.budgetinnus.com/,budgetinn@usa.com,,4,53,https://serpapi.com/search.json?engine=google_maps&google_domain=google.com&hl=en&place_id=ChIJbxQ5iT1lRIYRKzSxKRnvZDI
White Rock Inn San Marcos,"801 S I-35 South Frontage Rd, San Marcos, TX 78666",(512) 353-1303,http://choicehotels.com/,,,2.6,114,https://serpapi.com/search.json?engine=google_maps&google_domain=google.com&hl=en&place_id=ChIJLT61HrapXIYRjg9f6O999iQ
San Marcos Inn,"1507 N Interstate 35, San Marcos, TX 78666",(512) 396-6060,https://www.sanmarcosinntx.com/,,,2.8,29,https://serpapi.com/search.json?engine=google_maps&google_domain=google.com&hl=en&place_id=ChIJNRDY-I2pXIYRu2qF9FqL38Q
Crystal River Inn,"326 W Hopkins St, San Marcos, TX 78666",(512) 396-3739,https://www.crystalriverinn.com/,,,4.4,217,https://serpapi.com/search.json?engine=google_maps&google_domain=google.com&hl=en&place_id=ChIJxcsspWWoXIYRRC5abHpAWGQ
Americas Best Value Inn New Braunfels San Antonio,"808 TX-46, New Braunfels, TX 78130",(830) 625-3932,https://www.redlion.com/americas-best-value-inn/tx/new-braunfels/americas-best-value-inn-new-braunfels-san-antonio,sales@redlion.com,,3.4,307,https://serpapi.com/search.json?engine=google_maps&google_domain=google.com&hl=en&place_id=ChIJw_9kFR69XIYRlSWA7YgS89Y
Hacienda del Rio,"1273 River Terrace, New Braunfels, TX 78130",(830) 625-7772,https://www.hacienda-delrio.com/,frontdesk@hacienda-delrio.com,,4.8,380,https://serpapi.com/search.json?engine=google_maps&google_domain=google.com&hl=en&place_id=ChIJk1VEqJy9XIYRFN4AHNad72g
Coratel Inn & Suites by Jasper New Braunfels IH-35 EXT 189,"979 I 35 N Frontage Rd, New Braunfels, TX 78130",(830) 608-0334,http://www.coratelinn.com/newbraunfels/,newbraunfels@jaspermails.com,,3,508,https://serpapi.com/search.json?engine=google_maps&google_domain=google.com&hl=en&place_id=ChIJtXA8ZBm9XIYRwYTCeXwgU6k
Comal Inn,"424 Comal Ave, New Braunfels, TX 78130",(830) 629-6060,https://www.comalinn.com/,inquire@comalinn.com,,4.9,167,https://serpapi.com/search.json?engine=google_maps&google_domain=google.com&hl=en&place_id=ChIJnZ65yGm9XIYRKL_sqREQ4x8
Mosaic,"326 NW Hills Rd, San Marcos, TX 78666",(737) 867-0727,https://mosaicsmtx.com/,ryan@mosaicsmtx.com,,4.3,32,https://serpapi.com/search.json?engine=google_maps&google_domain=google.com&hl=en&place_id=ChIJIXMc3BtZW4YRAyg-g060JdM
Americas Best Value Inn Lockhart,"2001 S Colorado St, Lockhart, TX 78644",(512) 398-4911,https://www.sonesta.com/americas-best-value-inn/tx/lockhart/americas-best-value-inn-lockhart?utm_source=google&utm_medium=organic&utm_campaign=gmb,sales@redlion.com,,3.4,597,https://serpapi.com/search.json?engine=google_maps&google_domain=google.com&hl=en&place_id=ChIJmegVYMRWQ4YR8z5GSU3Gu7k
Americas Best Value Inn Buda Austin S,"15101 I-35, Buda, TX 78610",(512) 312-1550,https://www.redlion.com/americas-best-value-inn/tx/buda/americas-best-value-inn-buda-austin-s,sales@redlion.com,,3.5,395,https://serpapi.com/search.json?engine=google_maps&google_domain=google.com&hl=en&place_id=ChIJ7xWsrfJSW4YRMMe5psfSbqY
Sage Hill Inn & Spa,"4444 Ranch to Market Rd 150, Kyle, TX 78640",(512) 268-1617,https://www.sagehill.com/?utm_source=google&utm_medium=organic&utm_campaign=googlemybusiness,,,4.8,323,https://serpapi.com/search.json?engine=google_maps&google_domain=google.com&hl=en&place_id=ChIJZ5xryJVQW4YRLIMpyucD5Ks
The Old El Camino,"9087 Camino Real, Kyle, TX 78640",(737) 587-4106,https://theoldelcamino.com/,manager@theoldelcamino.com,,4.8,151,https://serpapi.com/search.json?engine=google_maps&google_domain=google.com&hl=en&place_id=ChIJ3Tun-AZVW4YRlDm6etWdYlE
Buda Place RV Resort,"690 Hillside Terrace, Buda, TX 78610",(737) 282-4162,https://www.budaplace.com/,"budaplacesocial@gmail.com, staff@budaplace.com",,4.8,232,https://serpapi.com/search.json?engine=google_maps&google_domain=google.com&hl=en&place_id=ChIJb6f3X1tTW4YRmZ5tbojDKjM
Austin Hills RV Park,"2820 Windy Hill Rd, Buda, TX 78610",(512) 474-9500,https://austinhillsrvpark.com/,,,3.4,10,https://serpapi.com/search.json?engine=google_maps&google_domain=google.com&hl=en&place_id=ChIJna71DXBTW4YRKiXuO4s47lE
Best Budget Inn,"903 S I-35 South Frontage Rd, San Marcos, TX 78666",(512) 392-3990,http://bestbudgetinn.com/,,,3.2,66,https://serpapi.com/search.json?engine=google_maps&google_domain=google.com&hl=en&place_id=ChIJTyYOVlKoXIYR6VqHypalKKs
Marks Overlook Lodge,"190 Marks Overlook, Buda, TX 78610",(512) 413-9232,https://www.facebook.com/marksoverlooklodge/,,,4.8,33,https://serpapi.com/search.json?engine=google_maps&google_domain=google.com&hl=en&place_id=ChIJJQbc_mxSW4YRu9gUAlMbG_Q
Lockhart Inn,"1207 S Colorado St, Lockhart, TX 78644",(512) 398-5201,http://www.lockhartinntexas.com/,,,3.6,252,https://serpapi.com/search.json?engine=google_maps&google_domain=google.com&hl=en&place_id=ChIJf0YEF-lWQ4YR7DiVYNGV81Q
Coachway Inn,"1908 E Pierce St, Luling, TX 78648",(830) 875-5635,http://coachwayinn.net/?utm_source=gmb&utm_medium=referral,,,3.4,192,https://serpapi.com/search.json?engine=google_maps&google_domain=google.com&hl=en&place_id=ChIJA7NR20dPQ4YRg0-zUuvqz2M
Ellison House,"434 N Blanco St, Lockhart, TX 78644",(512) 560-1703,http://ellison-house.com/,ellisonhouselockhart@gmail.com,,4.9,31,https://serpapi.com/search.json?engine=google_maps&google_domain=google.com&hl=en&place_id=ChIJIeK_P_VWQ4YRic4hh6CtyEI
The Leona,"416 N Church St, Lockhart, TX 78644",(512) 766-5522,https://www.theleonalockhart.com/,hello@theleonalockhart.com,,4.9,15,https://serpapi.com/search.json?engine=google_maps&google_domain=google.com&hl=en&place_id=ChIJZc9b9EZXQ4YRhe-VTsMVNjw
Birdie House,"604 W San Antonio St, Lockhart, TX 78644",(512) 944-5272,https://www.birdiehouse.com/contact,info@birdiehouse.com,Kara McGregor,5,15,https://serpapi.com/search.json?engine=google_maps&google_domain=google.com&hl=en&place_id=ChIJfU0lg4xWQ4YRm2NBJOYZaKM
Heart of Texas Motel,"5303 W US Hwy 290 Service Rd, Austin, TX 78735",(512) 892-0644,http://heartoftexasmotelaustin.com/,,,3.8,152,https://serpapi.com/search.json?engine=google_maps&google_domain=google.com&hl=en&place_id=ChIJseWlarBLW4YRWhBP2DiNgyQ
Tropicana Motel,"105 State Hwy 71, Bastrop, TX 78602",(512) 321-2526,https://www.tropicana-motel.com/,,,3.2,157,https://serpapi.com/search.json?engine=google_maps&google_domain=google.com&hl=en&place_id=ChIJn-drcVCaRIYRCDFy75-jVsM
Pecan Street Inn,"1010 Pecan St, Bastrop, TX 78602",(512) 988-1231,https://www.visitbastrop.com/listing/pecan-street-inn,,,4.7,98,https://serpapi.com/search.json?engine=google_maps&google_domain=google.com&hl=en&place_id=ChIJ5-qtmFyaRIYRANedm4M0x00
Americas Best Value Inn Giddings,"1600 E Austin St, Giddings, TX 78942",(979) 542-3111,https://www.sonesta.com/americas-best-value-inn/tx/giddings/americas-best-value-inn-giddings,sales@redlion.com,,3.4,221,https://serpapi.com/search.json?engine=google_maps&google_domain=google.com&hl=en&place_id=ChIJo-OAifVvRIYRY4J34Fzfx_M
The Oak Motel,"227 S Jefferson St, La Grange, TX 78945",(979) 968-3133,https://www.theoakmotel.com/,owner@theoakmotel.com,,3.8,182,https://serpapi.com/search.json?engine=google_maps&google_domain=google.com&hl=en&place_id=ChIJfxElKSeJQ4YRHhnEaKQLD8E
Katy House Bed & Breakfast,"201 Ramona St, Smithville, TX 78957",(512) 237-4262,https://www.katyhouse.com/,,,4.9,186,https://serpapi.com/search.json?engine=google_maps&google_domain=google.com&hl=en&place_id=ChIJoTHHRJ6BRIYRV5hBJh94je0
The Pines at Bastrop RV Park,"472 E TX, TX-21, Bastrop, TX 78602",(512) 693-9476,https://thepinesrv.com/,,,4.3,20,https://serpapi.com/search.json?engine=google_maps&google_domain=google.com&hl=en&place_id=ChIJUTp6Ma6bRIYRPCdcRWOoRZ0
Lost Pines RV Park,"1242 State Hwy 71, Bastrop, TX 78602",(512) 321-6100,https://lostpinesrvpark.com/,,,3.9,63,https://serpapi.com/search.json?engine=google_maps&google_domain=google.com&hl=en&place_id=ChIJi0Ga2OWaRIYR9TldDFWUH-E
Bastrop RV Park,"689 State Hwy 71, Bastrop, TX 78602",(512) 321-4404,https://bastrop-rv.com/,bastroprv@gmail.com,,4.3,143,https://serpapi.com/search.json?engine=google_maps&google_domain=google.com&hl=en&place_id=ChIJeRnl5ZOZRIYR5BNEwSJ2U3o
Bellamont RV Park,"160 FM 969, Bastrop, TX 78602",(512) 712-0911,https://bellamont.com/,info@bellamont.com,,3.7,10,https://serpapi.com/search.json?engine=google_maps&google_domain=google.com&hl=en&place_id=ChIJu8_HdSSZRIYRhmtRVif391g
Arnold Hill RV Park,"1013 State Hwy 71, Bastrop, TX 78602",(512) 468-2241,http://arnoldhillrvpark.com/,,,0.0,0,https://serpapi.com/search.json?engine=google_maps&google_domain=google.com&hl=en&place_id=ChIJyQaWVa2bRIYRVjWhbQ1m-iU
Prickly Pear RV Park,"135 3 Oaks Ln, Bastrop, TX 78602",(512) 771-1076,http://www.pricklypearrv.com/,info@pricklypearrv.com,,4.4,10,https://serpapi.com/search.json?engine=google_maps&google_domain=google.com&hl=en&place_id=ChIJP24TazaZRIYRcUtLWea_u-0
Relax Inn of Manor,"106 E Parsons St, Manor, TX 78653",(512) 291-7083,http://relax-inn-of-manor.keeq.io/,,,3.1,83,https://serpapi.com/search.json?engine=google_maps&google_domain=google.com&hl=en&place_id=ChIJj7d7Kg7HRIYRhvZkRHGoJeE
Rancho Moonrise,"20117 Lockwood Rd, Manor, TX 78653",(737) 291-1260,https://ranchomoonrise.com/,,,5,116,https://serpapi.com/search.json?engine=google_maps&google_domain=google.com&hl=en&place_id=ChIJu5K5BMi_RIYR2Q-1Cv31uZU
The McKinley Inn,"4 Depot St, Elgin, TX 78621",(512) 743-7885,https://www.themckinleyinn.com/,,,5,6,https://serpapi.com/search.json?engine=google_maps&google_domain=google.com&hl=en&place_id=ChIJZQoAD4rrRIYRohGt6-WybSg
Zenfulcove,"103 Potato Smith Rd unit c, Elgin, TX 78621",(832) 970-1236,https://www.zenfulcove.com/,"contact@zenfulcove.com, info@mysite.com",,5,68,https://serpapi.com/search.json?engine=google_maps&google_domain=google.com&hl=en&place_id=ChIJgaBBU--TRIYR4XVqu5Qfa10
Sunset Inn Flatonia I 10 by Hotel O,"420 E Interstate 10 Frontage Road, Flatonia, TX 78941",(227) 206-6216,https://www.oyorooms.com/us/332217/?utm_source=GMB&utm_medium=Organic&utm_campaign=US_FTX001,,,3,80,https://serpapi.com/search.json?engine=google_maps&google_domain=google.com&hl=en&place_id=ChIJHX4H0aN2Q4YR-roMQjO0YDo
Hope Hill RV Park,"2581 Farm to Market Rd 1704, Elgin, TX 78621",(512) 999-7917,https://hopehillpark.com/,,,4.9,146,https://serpapi.com/search.json?engine=google_maps&google_domain=google.com&hl=en&place_id=ChIJK1b36tWVRIYRtc2P_rQJKVk
Red Owl Courts,"300 Garwood St, Smithville, TX 78957",,http://www.redowlsmithville.com/,,,3.3,3,https://serpapi.com/search.json?engine=google_maps&google_domain=google.com&hl=en&place_id=ChIJBXLyu22BRIYRVi1YPdbHgVg
Cottonwood Inn Motel,"1494 W Travis St, La Grange, TX 78945",(979) 968-3175,https://www.facebook.com/pages/Cottonwood-Inn-Motel/104990172876969,,,3.3,153,https://serpapi.com/search.json?engine=google_maps&google_domain=google.com&hl=en&place_id=ChIJb0YhueOLQ4YRhoPMBK9ZVOc
River Valley Motor Inn,"1575 W Travis St, La Grange, TX 78945",(979) 968-8314,https://live.ipms247.com/booking/book-rooms-rivervalleymotorinn,,,3.8,194,https://serpapi.com/search.json?engine=google_maps&google_domain=google.com&hl=en&place_id=ChIJs9JLmriIQ4YRHwRr7aJ2VUs
River RV,"173 Hidden Shores Loop, Smithville, TX 78957",,https://texassunsetvenues.com/smithville-1-bedroom,filler@godaddy.com,,5,3,https://serpapi.com/search.json?engine=google_maps&google_domain=google.com&hl=en&place_id=ChIJtUnKNQCDRIYRCpsWxUOgRug
9E Ranch Cabins Lost Pines Bastrop,"2158 TX-304, Smithville, TX 78957",(512) 497-9502,http://www.9eranch.com/,,,4.8,36,https://serpapi.com/search.json?engine=google_maps&google_domain=google.com&hl=en&place_id=ChIJ1XAYrKadRIYRwJiOZcrDCVI
Lazy J RV Ranch,"5170 State Hwy 71, Smithville, TX 78957",(512) 253-2443,https://lazyjrvranch.com/,ranchlife@lazyjrvranch.com,,5,17,https://serpapi.com/search.json?engine=google_maps&google_domain=google.com&hl=en&place_id=ChIJsVM4W--BRIYRoXLEBib-r3I
The Ville RV Park,"878 State Hwy 71, Smithville, TX 78957",(512) 237-5638,http://thevillervpark.com/,info@thevillervpark.com,,0.0,0,https://serpapi.com/search.json?engine=google_maps&google_domain=google.com&hl=en&place_id=ChIJ0SPvu5WDRIYRp1Vv6RTDVSc
Sunny Meadows RV Park,"262 FM1441, Bastrop, TX 78602",(512) 573-4382,https://www.sunnyrvparks.com/,,,4.6,68,https://serpapi.com/search.json?engine=google_maps&google_domain=google.com&hl=en&place_id=ChIJZ04w4aGRRIYRYQB0vnwfC8M
Outpost Motel,"26200 Ranch Rd 12, Dripping Springs, TX 78620",(512) 858-0052,http://www.outpostmoteltx.com/,outpostmoteltx@yahoo.com,,4,0,https://serpapi.com/search.json?engine=google_maps&google_domain=google.com&hl=en&place_id=ChIJywgHCs5DW4YRZDsvJGjY5ms
Lucky Arrow Retreat,"3600 Bell Springs Rd, Dripping Springs, TX 78620",(512) 400-4197,https://www.luckyarrowretreat.com/,"eventbooking@luckyarrowretreat.com, hello@luckyarrowretreat.com",,4.8,0,https://serpapi.com/search.json?engine=google_maps&google_domain=google.com&hl=en&place_id=ChIJGwRmki9AW4YRN742xE6NRJo
Cedar Break at Howard Ranch,"23461 Ranch to Market Rd 150, Dripping Springs, TX 78620",,https://www.cedarbreakathowardranch.com/,contact@cedarbreaklodging.com,,4.8,0,https://serpapi.com/search.json?engine=google_maps&google_domain=google.com&hl=en&place_id=ChIJ0VVW5tZDW4YRacuhMfl37vc
Mountain Star Hotel,"3573 Ranch Rd 620 S, Austin, TX 78738",(512) 263-2010,https://mountainstarlodge.com/,"mountainstarlodgehotel@gmail.com, bingshengma72@msn.com",,4,0,https://serpapi.com/search.json?engine=google_maps&google_domain=google.com&hl=en&place_id=ChIJEWcddIY3W4YR4-oMbihYVVM
Star House Hill Country Getaway,"3230 Farm to Market 165, Dripping Springs, TX 78620",(512) 689-6950,http://www.starhousebandb.com/,rrkathyrossi@gmail.com,,4.9,29,https://serpapi.com/search.json?engine=google_maps&google_domain=google.com&hl=en&place_id=ChIJ85fgIZluW4YRSn2ctf0XKnM
Infinity Ranch,"651 Plant Lady Ln, Dripping Springs, TX 78620",(888) 576-3775,https://dijohomes.com/infinity-ranch,"hello@dijohomes.com, filler@godaddy.com",,4.7,23,https://serpapi.com/search.json?engine=google_maps&google_domain=google.com&hl=en&place_id=ChIJK_WKxv1qW4YRjwR52cZZ8RA
TyRosa Ranch - Dripping Springs Lodging & Retreat,"775 Pioneer Trail, Dripping Springs, TX 78620",(512) 222-8481,https://www.tyrosaranch.com/,info@tyrosaranch.com,,4.6,29,https://serpapi.com/search.json?engine=google_maps&google_domain=google.com&hl=en&place_id=ChIJEbM7MA9BW4YRI-22Axf2hp0
The Cedars Ranch- Wimberley,"506 Burnett Ranch Rd, Wimberley, TX 78676",(512) 877-5371,https://staywithreverie.com/the-cedars-ranch/,"staywithreverie@gmail.com, thecedarsranch@staywithreverie.com, hello@staywithreverie.com",,4.8,111,https://serpapi.com/search.json?engine=google_maps&google_domain=google.com&hl=en&place_id=ChIJwenCmmJmW4YRsrTrwqat94Y
The Alexander at Creek Road Vacation Rentals and Hotel,"6730 Creek Rd, Dripping Springs, TX 78620",(866) 515-1142,https://www.thealexanderatcreekroad.com/,lodging@thealexanderatcreekroad.com,,4.9,229,https://serpapi.com/search.json?engine=google_maps&google_domain=google.com&hl=en&place_id=ChIJKQx-4H1pW4YR4pF7gx3awmU
The Cabins at Onion Creek,"18992 Ranch to Market Rd 150, Driftwood, TX 78619",(888) 622-4228,http://www.thecabinsatonioncreek.com/,info@thecabinsatonioncreek.com,,4.7,42,https://serpapi.com/search.json?engine=google_maps&google_domain=google.com&hl=en&place_id=ChIJDY-gdWNEW4YRrG0I1wqIDSQ
Bella Nido,"23351 Ranch to Market Rd 150, Driftwood, TX 78619",,http://www.staybellanido.com/,,,4.9,51,https://serpapi.com/search.json?engine=google_maps&google_domain=google.com&hl=en&place_id=ChIJn_Ry8MlDW4YRXcudGrQRDJo
D6 Retreat,"806 Bell Springs Rd, Dripping Springs, TX 78620",(512) 829-1384,http://www.d6retreat.com/,,,4.7,112,https://serpapi.com/search.json?engine=google_maps&google_domain=google.com&hl=en&place_id=ChIJY7Vrs50_W4YRFetze_314_E
Homestead at the Dripping Springs,"500 Mercer St, Dripping Springs, TX 78620",(512) 858-4547,http://dshomesteadbandb.com/homestead/?page_id=10,,,4.6,22,https://serpapi.com/search.json?engine=google_maps&google_domain=google.com&hl=en&place_id=ChIJcavZ0INBW4YRPpB1277qTvc
Cypress Fairway Village,"11 Cypress Fairway Village, Wimberley, TX 78676",(512) 809-7914,https://cypressfairwayvillagerentals.com/,jamesallen1946@gmail.com,,4.6,31,https://serpapi.com/search.json?engine=google_maps&google_domain=google.com&hl=en&place_id=ChIJZSo_sohdW4YRn3_h1m0CTjE
Hidden Falls Inn at Lake Marble Falls,"704 1st St, Marble Falls, TX 78654",(830) 798-1895,http://www.hiddenfallsinn.com/,reservations@hiddenfallsinn.com,,4.4,693,https://serpapi.com/search.json?engine=google_maps&google_domain=google.com&hl=en&place_id=ChIJ55xl6e0cW4YRx0C2TvOLHas
WorldMark Marble Falls,"755 Rocky Rd, Marble Falls, TX 78654",(830) 693-1333,https://www.extraholidays.com/marble-falls-texas/worldmark-marble-falls?utm_medium=listing&utm_source=google-local&utm_campaign=na_gmb_na_locallisting_na_allusers&utm_content=wmmarblefalls,,,4.5,862,https://serpapi.com/search.json?engine=google_maps&google_domain=google.com&hl=en&place_id=ChIJ1XsFjpccW4YRqyn6dMzYENU
LBJ Inn,"13813 RM 1431, Kingsland, TX 78639",(325) 270-3002,http://lakelbjinn.com/,,,4.5,106,https://serpapi.com/search.json?engine=google_maps&google_domain=google.com&hl=en&place_id=ChIJv9lvBkz_WoYRqvrocxqPRVo
Creekside Camp & Cabins,"222 Hatchett Hill, Marble Falls, TX 78654",(830) 693-5979,http://www.creekside-camp-cabins.com/,diane@creekside-camp-cabins.com,,4.3,121,https://serpapi.com/search.json?engine=google_maps&google_domain=google.com&hl=en&place_id=ChIJp49wQc0dW4YRwe0fB0RzwLc
The Suites at Market on H,"206 Ave H #200a, Marble Falls, TX 78654",(830) 637-7684,http://www.staymarblefalls.com/,,,5,3,https://serpapi.com/search.json?engine=google_maps&google_domain=google.com&hl=en&place_id=ChIJoS8yPO4cW4YRpB7ZH3aQamg
McKenzie Guest House,"910 3rd St, Marble Falls, TX 78654",(800) 991-2181,https://www.mckenzieguesthouse.com/,info@mckenzieguesthouse.com,,4.1,28,https://serpapi.com/search.json?engine=google_maps&google_domain=google.com&hl=en&place_id=ChIJ0RWmsu8cW4YRRy6rLvEQcH4
Live Oak Hospitality Management,"708 1st St, Marble Falls, TX 78654",(830) 693-1020,http://www.liveoaklodging.com/,,,0.0,0,https://serpapi.com/search.json?engine=google_maps&google_domain=google.com&hl=en&place_id=ChIJh23n_u0cW4YRckbYOYhFCW8
Peach Tree Inn & Suites,"401 S Washington St, Fredericksburg, TX 78624",(830) 997-2117,https://www.thepeachtreeinn.com/,,,4.6,1270,https://serpapi.com/search.json?engine=google_maps&google_domain=google.com&hl=en&place_id=ChIJ_VPgUVfAW4YRqdXcEm2n_nk
Inn on Barons Creek,"308 S Washington St Suite #1, Fredericksburg, TX 78624",(830) 990-9202,http://www.innonbaronscreek.com/,,,4.4,670,https://serpapi.com/search.json?engine=google_maps&google_domain=google.com&hl=en&place_id=ChIJu3QtcFfAW4YR6RHbFYyOmjQ
Windcrest Inn and Suites,"908 S Adams St, Fredericksburg, TX 78624",(830) 997-9811,http://windcrest-inn.com/,,,3.1,378,https://serpapi.com/search.json?engine=google_maps&google_domain=google.com&hl=en&place_id=ChIJpQXJJFPAW4YRjUAVScaew30
Frederick Motel,"1308 E Main St, Fredericksburg, TX 78624",(830) 997-6040,http://www.thefrederickmotel.com/,info@thefrederickmotel.com,,3.2,109,https://serpapi.com/search.json?engine=google_maps&google_domain=google.com&hl=en&place_id=ChIJrTp992jAW4YRPh__PTP7cvs
Hotel Kitsmiller on Main,"910 E Main St, Fredericksburg, TX 78624",(830) 997-2244,http://hotelkitsmilleronmain.com/,,,4.1,405,https://serpapi.com/search.json?engine=google_maps&google_domain=google.com&hl=en&place_id=ChIJdfDkfmfAW4YR8PeUt9PoYi0
Sunday House Inn - Fredericksburg Hotel,"501 E Main St, Fredericksburg, TX 78624",(830) 997-4484,https://www.sundayhouseinn.com/,"info@sundayhouseinn.com, info@sundayhouseinnandsuites.com",,4.1,500,https://serpapi.com/search.json?engine=google_maps&google_domain=google.com&hl=en&place_id=ChIJr1sWHFnAW4YR40oZs-9rCQE
Fredericksburg Inn & Suites,"201 S Washington St, Fredericksburg, TX 78624",(830) 997-0202,http://www.fredericksburg-inn.com/,"stay.fredericksburginn@hospitalitymgt.com, carrie.anders@hospitalitymgt.com, russell@hospitalitymgt.com, tim.geren@hospitalitymgt.com, stay@fredericksburg-inn.com",,4.3,1069,https://serpapi.com/search.json?engine=google_maps&google_domain=google.com&hl=en&place_id=ChIJWxB7NFjAW4YRkoboPgFiNik
Sunset Inn & Suites,"900 S Adams St, Fredericksburg, TX 78624",(830) 997-9581,http://sunsetinntexas.com/,info@sunsetinntexas.com,,4,317,https://serpapi.com/search.json?engine=google_maps&google_domain=google.com&hl=en&place_id=ChIJecDCPVPAW4YRg0J4vvBrdy8
Onera Fredericksburg,"173 Basse Ln, Fredericksburg, TX 78624",(512) 777-1455,https://stayonera.com/,concierge@stayonera.com,,4.7,288,https://serpapi.com/search.json?engine=google_maps&google_domain=google.com&hl=en&place_id=ChIJ18ahsHDBW4YRjNHDHOpY1I8
Main Street Bed and Breakfast,"337 E Main St, Fredericksburg, TX 78624",(830) 997-0153,http://www.travelmainstreet.com/,reservations@travelmainstreet.com,,4.1,118,https://serpapi.com/search.json?engine=google_maps&google_domain=google.com&hl=en&place_id=ChIJ69WcQFjAW4YRC3JErg4FxEg
Full Moon Inn Bed and Breakfast,"3234 Luckenbach Rd, Fredericksburg, TX 78624",(830) 997-2205,http://www.fullmooninn.com/,,,4.8,178,https://serpapi.com/search.json?engine=google_maps&google_domain=google.com&hl=en&place_id=ChIJCW_qHCuUW4YR9XVea3S5o1s
Stonewall Motor Lodge,"14818 US-290, Stonewall, TX 78671",,http://www.stonewallmotorlodge.com/,stay@stonewallmotorlodge.com,,4.8,285,https://serpapi.com/search.json?engine=google_maps&google_domain=google.com&hl=en&place_id=ChIJHcoU9FSZW4YRZ5z4mxsBOng
Best Little Fredericksburg Texas Bed And Breakfast,"33 avery ridge rd, Fredericksburg, TX 78624",(830) 355-3733,https://bedandbreakfastfredericksburgtexas.com/,,,4.8,45,https://serpapi.com/search.json?engine=google_maps&google_domain=google.com&hl=en&place_id=ChIJm2Trnb3FW4YRzdCceT20G3g
The Winchester Lodge,"415 E Austin St, Fredericksburg, TX 78624",(830) 997-1615,https://www.thewinchesterlodge.com/,stay@thewinchesterlodge.com,,4.8,165,https://serpapi.com/search.json?engine=google_maps&google_domain=google.com&hl=en&place_id=ChIJQ7k96VjAW4YRUYoQUhIvY_E
Best Bed and Breakfast in Fredericksburg Texas,"57 avery ridge rd, Fredericksburg, TX 78624",(830) 355-3681,https://bedandbreakfastfredericksburgtexas.com/,,,4.9,42,https://serpapi.com/search.json?engine=google_maps&google_domain=google.com&hl=en&place_id=ChIJVa2GNSfFW4YRQnRsmtHQPL8
The Resort at Fredericksburg,"3567 US-290, Fredericksburg, TX 78624",(830) 308-7118,http://theresortatfredericksburg.com/,hello@theresortatfredericksburg.com,,4.1,115,https://serpapi.com/search.json?engine=google_maps&google_domain=google.com&hl=en&place_id=ChIJLzoP72C_W4YRHVFlwI4H7j4
The Lodge at Cypress Falls,"1 Woodcreek Cir, Wimberley, TX 78676",(512) 847-6595,http://www.thelodgeatcypressfalls.com/,thelodgeatcypressfalls@gmail.com,,4.2,0,https://serpapi.com/search.json?engine=google_maps&google_domain=google.com&hl=en&place_id=ChIJE-_kCexdW4YRORfg8UORbiE
Onera Wimberley,"801 Buttercup Ln, Wimberley, TX 78676",(512) 777-1455,https://stayonera.com/locations/wimberley/,concierge@stayonera.com,,4.8,0,https://serpapi.com/search.json?engine=google_maps&google_domain=google.com&hl=en&place_id=ChIJ--WRCgBfW4YRmLFzxePM_nE
Wimberley Inn + Bar,"200 Ranch to Market Rd 3237, Wimberley, TX 78676",(512) 847-3750,https://wimberleyinn.com/?utm_source=GMBlisting&utm_medium=organic,hello@wimberleyinn.com,,4.6,0,https://serpapi.com/search.json?engine=google_maps&google_domain=google.com&hl=en&place_id=ChIJrcVG-X1eW4YRezCyNr9aIvY
Hotel Flora & Fauna,"400 River Rd, Wimberley, TX 78676",(512) 842-9110,http://www.hotelfloraandfauna.com/,,,4.6,0,https://serpapi.com/search.json?engine=google_maps&google_domain=google.com&hl=en&place_id=ChIJiUsEEnpeW4YRxk9geFRm02E
Square Inn & The Legacy Lounge,"Square Inn Hotel, 110 Oak Drive, Wimberley Square, Wimberley, TX 78676",(512) 722-3188,https://www.wimberleysquareinn.com/wimberley-accommodations?utm_source=google&utm_medium=wix_google_business_profile&utm_campaign=11700730628484466826,innkeeper@wimberleysquareinn.com,,4.9,0,https://serpapi.com/search.json?engine=google_maps&google_domain=google.com&hl=en&place_id=ChIJD3zlwHteW4YRiOvKMHzZcgc
7A Ranch,"333 Wayside Dr, Wimberley, TX 78676",(512) 847-2517,https://7aranch.co/?utm_source=GMBlisting&utm_medium=organic,,,4.5,0,https://serpapi.com/search.json?engine=google_maps&google_domain=google.com&hl=en&place_id=ChIJIzYaMm1eW4YRZOo73Di8LF0
Cypress Creek Cottages,"104 Scudder Ln, Wimberley, TX 78676",(512) 847-5950,https://cypresscreekcottages.com/,,,4.8,0,https://serpapi.com/search.json?engine=google_maps&google_domain=google.com&hl=en&place_id=ChIJr0fkVMNdW4YRznOJhrrR85k
The Bygone Hotel,"10600 Ranch Rd 12, Wimberley, TX 78676",(512) 890-2870,https://thebygone.co/,"chris@thebygone.co, info@thebygone.co",,4.9,0,https://serpapi.com/search.json?engine=google_maps&google_domain=google.com&hl=en&place_id=ChIJQ0_tTAxfW4YR2aLcyu4vFbI
Gaines Ranch on the Square,"204 Wimberley Square, Wimberley, TX 78676",(512) 537-4107,http://www.gainesranchonthesquare.com/,,,4.7,0,https://serpapi.com/search.json?engine=google_maps&google_domain=google.com&hl=en&place_id=ChIJbwo4BzpfW4YRmvs2IgciPh0
Horseshoe Riverside Lodge,"12381 FM306, Canyon Lake, TX 78133",(830) 964-3600,http://horseshoeriverside.com/,,,4.6,0,https://serpapi.com/search.json?engine=google_maps&google_domain=google.com&hl=en&place_id=ChIJcQoDaaafXIYR4PJEXuSArXU
Inn at Sunset Mill Ranch,"2690 Fischer Store Rd, Wimberley, TX 78676",(512) 800-2183,https://innatsunsetmillranch.com/?utm_source=google&utm_medium=GMB,info@innatsunsetmillranch.com,,5,0,https://serpapi.com/search.json?engine=google_maps&google_domain=google.com&hl=en&place_id=ChIJxaP9S6hnW4YRYamnIDb2w5M
Messina Inn | Hotel + Wedding Venue,"1000 Cypress Creek Ln, Wimberley, TX 78676",(512) 847-6000,https://messinainntx.com/,info@messinainntx.com,,4.9,0,https://serpapi.com/search.json?engine=google_maps&google_domain=google.com&hl=en&place_id=ChIJHY_poOldW4YRtJ2WGYMneYc
The Lodge At Turkey Cove,"2386 Colleen Dr, Canyon Lake, TX 78133",(830) 899-2744,http://www.lodgeatturkeycove.com/,info@lodgeatturkeycove.com,,4.3,181,https://serpapi.com/search.json?engine=google_maps&google_domain=google.com&hl=en&place_id=ChIJ72giENSdXIYRkV_KPH_tQ9k
The Disco Domes,"698 Lipan Run, Fischer, TX 78623",(512) 657-7058,http://thediscodomes.com/,,,5,55,https://serpapi.com/search.json?engine=google_maps&google_domain=google.com&hl=en&place_id=ChIJR7ZHI3FhW4YRDDl-6_BBdNY
The Yurtopian,"135 Winn Ranch Rd, Wimberley, TX 78676",(512) 333-2202,http://www.theyurtopian.com/,,,4.9,272,https://serpapi.com/search.json?engine=google_maps&google_domain=google.com&hl=en&place_id=ChIJ1yjnzW1fW4YRhVw-n_Ym5lE
Blair House Inn,"100 W Spoke Hill Dr, Wimberley, TX 78676",(512) 847-1111,https://blairhouseinn.com/,"info@liveoaklake.com, info@blairhouseinn.com",,4.6,190,https://serpapi.com/search.json?engine=google_maps&google_domain=google.com&hl=en&place_id=ChIJ7Xex4l5eW4YRCPKTGSNujms
Wimberley Log Cabins Resort and Suites,"712 Farm to Market Rd 2325, Wimberley, TX 78676",(325) 617-3009,https://www.wimberleysuites.com/,,,3.9,33,https://serpapi.com/search.json?engine=google_maps&google_domain=google.com&hl=en&place_id=ChIJL7pdgrpdW4YRqaVkUYoWlyk
Ranch at Wimberley,"2601 Mt Sharp Rd, Wimberley, TX 78676",(512) 648-0424,http://wimranch.com/,,,4.7,46,https://serpapi.com/search.json?engine=google_maps&google_domain=google.com&hl=en&place_id=ChIJVyoBuXtdW4YRGIM6yZ9PKPU
Johnson City Inn,"107 US-281, Johnson City, TX 78636",(830) 868-4044,https://www.bestwestern.com/en_US/book/hotel-rooms.44528.html?iata=00171880&ssob=BLBWI0004G&cid=BLBWI0004G:google:gmb:44528,,,4.2,659,https://serpapi.com/search.json?engine=google_maps&google_domain=google.com&hl=en&place_id=ChIJ4TbtalwLW4YR3XwqkVtvo3E
Ladybird Inn,"203 US-281, Johnson City, TX 78636",(830) 868-2614,http://ladybirdinn.com/,ladybirdinntx@gmail.com,,4.6,8,https://serpapi.com/search.json?engine=google_maps&google_domain=google.com&hl=en&place_id=ChIJqYqhQlkLW4YRmPIQG6lwhT0
Walden Retreats Hill Country,"1388 Gipson Rd, Johnson City, TX 78636",(830) 321-0295,https://waldenretreats.com/,reservations@waldenretreats.com,,4.9,263,https://serpapi.com/search.json?engine=google_maps&google_domain=google.com&hl=en&place_id=ChIJEaythKMLW4YRLoGEWHpbII8
The Bentley Hotel on 290,"101B Durango, Johnson City, TX 78636",(830) 385-1055,http://www.bh290.com/,info@bh290.com,,4.5,51,https://serpapi.com/search.json?engine=google_maps&google_domain=google.com&hl=en&place_id=ChIJSVflyTKhW4YRblBXEtw_fbs
Wrenwood Ranch,"6214 US-290, Johnson City, TX 78636",(254) 218-8221,http://www.wrenwoodranch.com/,info@wrenwoodranch.com,,5,225,https://serpapi.com/search.json?engine=google_maps&google_domain=google.com&hl=en&place_id=ChIJE5Xhl_ahW4YRU1vygCdckAw
Alexander's Inn,"8263 US-290, Johnson City, TX 78636",(512) 577-5052,https://www.alexandersinn.co/,,,5,4,https://serpapi.com/search.json?engine=google_maps&google_domain=google.com&hl=en&place_id=ChIJr1LzAn2fW4YRQNLhFE5nV-M
The Blanco County Inn & Guesthouses,"902 Main St, Blanco, TX 78606",(512) 553-5340,https://www.blancosuites.com/,office@rentspacemgmt.com,,4.8,189,https://serpapi.com/search.json?engine=google_maps&google_domain=google.com&hl=en&place_id=ChIJv0iudxZ3W4YR1VJRdfz1gr4
Texas Glampgrounds,"236 Fieldstone Ridge, Johnson City, TX 78636",,https://www.texasglampgrounds.com/,,,5,4,https://serpapi.com/search.json?engine=google_maps&google_domain=google.com&hl=en&place_id=ChIJhx4gSpujW4YR6xVdJ5IOuZo
Hillside Acres Retreat,"4032 Ranch Rd 3232, Johnson City, TX 78636",(830) 868-7515,https://hillsideacresretreat.com/,cabins@hillsideacresretreat.com,"Name 
 
 
 Phone Number 
 
 
 Mobile Phone Number",4.8,40,https://serpapi.com/search.json?engine=google_maps&google_domain=google.com&hl=en&place_id=ChIJhVYk2_MHW4YR_l8MgDT5npk
Rockin Diamond S Ranch,"4697 Rocky Rd, Blanco, TX 78606",(512) 694-1969,http://www.rockindiamondsranch.com/,admin@rockindiamondsranch.com,of Rockin Diamond,5,2,https://serpapi.com/search.json?engine=google_maps&google_domain=google.com&hl=en&place_id=ChIJAXaKkUt3W4YRxCnb-XpHCUU
Lakeway Resort & Spa,"101 Lakeway Dr, Lakeway, TX 78734",(512) 261-6600,https://www.lakewayresortandspa.com/?utm_source=google&utm_medium=organic&utm_campaign=gbp_listing,,,4.6,6880,https://serpapi.com/search.json?engine=google_maps&google_domain=google.com&hl=en&place_id=ChIJgbx9mok5W4YRR32Yi7wM0-8
Living Waters on Lake Travis,"24315 Pedernales Dr, Spicewood, TX 78669",(512) 348-8889,http://livingwatersonlaketravis.com/,"reservations@livingwatersonlaketravis.com, hello@ceraceramics.com",,4.7,56,https://serpapi.com/search.json?engine=google_maps&google_domain=google.com&hl=en&place_id=ChIJE65nR789W4YRrdTjDo__Yww
Texas Timeshare In Lakeway,"112 Star St, Lakeway, TX 78734",(512) 263-5200,http://vacation.obergproperties.com/,,,4.3,129,https://serpapi.com/search.json?engine=google_maps&google_domain=google.com&hl=en&place_id=ChIJ84FoDYk5W4YRj6BH1y6uuAA
Las Luces Village,"2700 Bee Creek Rd, Spicewood, TX 78669",(737) 285-4812,https://frenchcowboys.guestybookings.com/properties?city=Spicewood&country=United+States,,,4.8,15,https://serpapi.com/search.json?engine=google_maps&google_domain=google.com&hl=en&place_id=ChIJR6FUsns5W4YRs1wkX2RVU_0
Camposanto ATX Glamping,"1702 Center Point Ln, Austin, TX 78734",(512) 222-7228,https://www.camposantoatx.com/,hello@camposantoatx.com,,5,12,https://serpapi.com/search.json?engine=google_maps&google_domain=google.com&hl=en&place_id=ChIJgUUXbh47W4YRs9-DaL46UHM
Mehl's Motel,"6712 N Lamar Blvd, Austin, TX 78752",(512) 459-6092,https://mehlsmotel.com/,,,3.3,141,https://serpapi.com/search.json?engine=google_maps&google_domain=google.com&hl=en&place_id=ChIJsdKiE0jKRIYRnZsGHDqZrNM
Texan Motel,"6702 N Lamar Blvd, Austin, TX 78752",(512) 459-5211,https://www.texanmotel.com/,,,3,161,https://serpapi.com/search.json?engine=google_maps&google_domain=google.com&hl=en&place_id=ChIJzYzJckjKRIYRBYvsE0niQbE
